A,0.0,0.0,-0.336283185840708,-0.1415929203539823,-0.6283185840707964,-0.3893805309734513,-0.8407079646017699,-0.5929203539823009,-1.0,-0.7522123893805309,-0.4336283185840708,-0.7079646017699115,-0.49557522123893805,-0.9380530973451328,-0.4424778761061947,-0.7168141592920354,-0.3893805309734513,-0.5398230088495575,-0.22123893805309736,-0.7345132743362832,-0.2743362831858407,-0.9646017699115044,-0.24778761061946902,-0.6814159292035398,-0.21238938053097345,-0.49557522123893805,0.0,-0.7168141592920354,-0.02654867256637168,-0.9380530973451328,-0.04424778761061947,-0.6637168141592921,-0.04424778761061947,-0.4778761061946903,0.22123893805309736,-0.672566371681416,0.22123893805309736,-0.8938053097345132,0.1592920353982301,-0.7433628318584071,0.10619469026548672,-0.6017699115044248
A,0.0,0.0,-0.2882882882882883,-0.1981981981981982,-0.4954954954954955,-0.5135135135135135,-0.6216216216216216,-0.7567567567567568,-0.7387387387387387,-0.9369369369369369,-0.21621621621621623,-0.7837837837837838,-0.26126126126126126,-1.0,-0.2702702702702703,-0.7837837837837838,-0.26126126126126126,-0.5945945945945946,-0.018018018018018018,-0.7567567567567568,-0.04504504504504504,-0.990990990990991,-0.0990990990990991,-0.6936936936936937,-0.0990990990990991,-0.4954954954954955,0.1891891891891892,-0.6936936936936937,0.17117117117117117,-0.918918918918919,0.08108108108108109,-0.6396396396396397,0.06306306306306306,-0.45045045045045046,0.3963963963963964,-0.5855855855855856,0.4144144144144144,-0.8108108108108109,0.3063063063063063,-0.6666666666666666,0.23423423423423423,-0.5315315315315315
A,0.0,0.0,-0.3106060606060606,-0.06818181818181818,-0.6136363636363636,-0.25757575757575757,-0.8257575757575758,-0.4015151515151515,-1.0,-0.5,-0.5,-0.5454545454545454,-0.5833333333333334,-0.7272727272727273,-0.49242424242424243,-0.553030303030303,-0.4166666666666667,-0.4090909090909091,-0.3181818181818182,-0.6060606060606061,-0.3939393939393939,-0.7878787878787878,-0.3181818181818182,-0.5454545454545454,-0.25757575757575757,-0.4015151515151515,-0.12878787878787878,-0.6287878787878788,-0.18181818181818182,-0.7954545454545454,-0.13636363636363635,-0.5681818181818182,-0.11363636363636363,-0.4166666666666667,0.06818181818181818,-0.6287878787878788,0.030303030303030304,-0.8106060606060606,0.015151515151515152,-0.6666666666666666,0.0,-0.553030303030303
A,0.0,0.0,-0.33636363636363636,-0.14545454545454545,-0.6090909090909091,-0.43636363636363634,-0.7727272727272727,-0.6727272727272727,-0.9272727272727272,-0.8272727272727273,-0.38181818181818183,-0.7454545454545455,-0.45454545454545453,-0.9727272727272728,-0.4090909090909091,-0.7545454545454545,-0.36363636363636365,-0.5545454545454546,-0.16363636363636364,-0.7636363636363637,-0.22727272727272727,-1.0,-0.21818181818181817,-0.6909090909090909,-0.18181818181818182,-0.4909090909090909,0.05454545454545454,-0.7363636363636363,0.01818181818181818,-0.9545454545454546,-0.00909090909090909,-0.6727272727272727,-0.01818181818181818,-0.4727272727272727,0.2818181818181818,-0.6727272727272727,0.2818181818181818,-0.9,0.2,-0.7363636363636363,0.15454545454545454,-0.5909090909090909
A,0.0,0.0,-0.36283185840707965,-0.10619469026548672,-0.6637168141592921,-0.36283185840707965,-0.8495575221238938,-0.584070796460177,-1.0,-0.7522123893805309,-0.4690265486725664,-0.7256637168141593,-0.5575221238938053,-0.9469026548672567,-0.49557522123893805,-0.7256637168141593,-0.415929203539823,-0.5486725663716814,-0.25663716814159293,-0.7610619469026548,-0.34513274336283184,-1.0,-0.3008849557522124,-0.6814159292035398,-0.23008849557522124,-0.504424778761062,-0.035398230088495575,-0.7522123893805309,-0.10619469026548672,-0.9823008849557522,-0.10619469026548672,-0.672566371681416,-0.07079646017699115,-0.504424778761062,0.19469026548672566,-0.6991150442477876,0.1415929203539823,-0.911504424778761,0.08849557522123894,-0.7168141592920354,0.07964601769911504,-0.5929203539823009
A,0.0,0.0,-0.3049645390070922,-0.05673758865248227,-0.6028368794326241,-0.20567375886524822,-0.8226950354609929,-0.3333333333333333,-1.0,-0.41134751773049644,-0.48936170212765956,-0.5531914893617021,-0.574468085106383,-0.7304964539007093,-0.48936170212765956,-0.5460992907801419,-0.41134751773049644,-0.3971631205673759,-0.3120567375886525,-0.6028368794326241,-0.3971631205673759,-0.7801418439716312,-0.3191489361702128,-0.5319148936170213,-0.2553191489361702,-0.3900709219858156,-0.12056737588652482,-0.624113475177305,-0.18439716312056736,-0.7872340425531915,-0.14893617021276595,-0.5460992907801419,-0.11347517730496454,-0.40425531914893614,0.07092198581560284,-0.6099290780141844,0.028368794326241134,-0.7872340425531915,0.0070921985815602835,-0.6382978723404256,-0.0070921985815602835,-0.524822695035461
A,0.0,0.0,-0.30357142857142855,-0.16071428571428573,-0.5178571428571429,-0.4732142857142857,-0.6339285714285714,-0.7232142857142857,-0.7857142857142857,-0.8839285714285714,-0.35714285714285715,-0.7142857142857143,-0.4375,-0.9464285714285714,-0.4017857142857143,-0.7053571428571429,-0.3392857142857143,-0.5357142857142857,-0.16964285714285715,-0.7410714285714286,-0.24107142857142858,-1.0,-0.23214285714285715,-0.6875,-0.17857142857142858,-0.5,0.026785714285714284,-0.7232142857142857,-0.03571428571428571,-0.9910714285714286,-0.07142857142857142,-0.6785714285714286,-0.03571428571428571,-0.49107142857142855,0.25,-0.6696428571428571,0.19642857142857142,-0.9017857142857143,0.125,-0.7232142857142857,0.11607142857142858,-0.5803571428571429
A,0.0,0.0,-0.23636363636363636,-0.19090909090909092,-0.36363636363636365,-0.5454545454545454,-0.42727272727272725,-0.8272727272727273,-0.5727272727272728,-1.0,-0.19090909090909092,-0.7545454545454545,-0.16363636363636364,-0.9636363636363636,-0.14545454545454545,-0.7181818181818181,-0.13636363636363635,-0.5454545454545454,0.01818181818181818,-0.7272727272727273,0.06363636363636363,-0.9454545454545454,0.02727272727272727,-0.6454545454545455,0.01818181818181818,-0.5,0.21818181818181817,-0.6454545454545455,0.2909090909090909,-0.8545454545454545,0.20909090909090908,-0.5909090909090909,0.15454545454545454,-0.45454545454545453,0.39090909090909093,-0.5363636363636364,0.4909090909090909,-0.7090909090909091,0.39090909090909093,-0.5727272727272728,0.3090909090909091,-0.4909090909090909
A,0.0,0.0,-0.32323232323232326,-0.15151515151515152,-0.5656565656565656,-0.46464646464646464,-0.7272727272727273,-0.7171717171717171,-0.8888888888888888,-0.8585858585858586,-0.43434343434343436,-0.7171717171717171,-0.5151515151515151,-0.9595959595959596,-0.4444444444444444,-0.7171717171717171,-0.37373737373737376,-0.5353535353535354,-0.2222222222222222,-0.7474747474747475,-0.29292929292929293,-1.0,-0.24242424242424243,-0.6767676767676768,-0.1919191919191919,-0.494949494949495,-0.010101010101010102,-0.7373737373737373,-0.06060606060606061,-0.98989898989899,-0.06060606060606061,-0.6767676767676768,-0.030303030303030304,-0.5050505050505051,0.2222222222222222,-0.696969696969697,0.18181818181818182,-0.9191919191919192,0.1414141414141414,-0.7373737373737373,0.1414141414141414,-0.6161616161616161
A,0.0,0.0,-0.34,-0.14,-0.56,-0.42,-0.71,-0.66,-0.88,-0.8,-0.43,-0.68,-0.54,-0.92,-0.48,-0.7,-0.4,-0.53,-0.25,-0.72,-0.35,-0.98,-0.31,-0.68,-0.23,-0.51,-0.05,-0.73,-0.15,-1.0,-0.15,-0.7,-0.09,-0.51,0.17,-0.72,0.09,-0.96,0.03,-0.79,0.04,-0.64
A,0.0,0.0,-0.2222222222222222,-0.18518518518518517,-0.3425925925925926,-0.5277777777777778,-0.4074074074074074,-0.8148148148148148,-0.5092592592592593,-1.0,-0.1574074074074074,-0.7222222222222222,-0.12037037037037036,-0.9074074074074074,-0.1111111111111111,-0.6759259259259259,-0.12037037037037036,-0.5185185185185185,0.046296296296296294,-0.7037037037037037,0.12037037037037036,-0.8888888888888888,0.07407407407407407,-0.6111111111111112,0.018518518518518517,-0.4722222222222222,0.2222222222222222,-0.6388888888888888,0.32407407407407407,-0.8055555555555556,0.24074074074074073,-0.5648148148148148,0.16666666666666666,-0.4444444444444444,0.37037037037037035,-0.5462962962962963,0.49074074074074076,-0.6944444444444444,0.4074074074074074,-0.5555555555555556,0.3055555555555556,-0.4722222222222222
A,0.0,0.0,-0.29896907216494845,-0.16494845360824742,-0.4948453608247423,-0.5154639175257731,-0.6185567010309279,-0.8144329896907216,-0.7835051546391752,-0.979381443298969,-0.35051546391752575,-0.7628865979381443,-0.38144329896907214,-1.0,-0.32989690721649484,-0.7319587628865979,-0.28865979381443296,-0.5360824742268041,-0.1134020618556701,-0.7628865979381443,-0.13402061855670103,-1.0,-0.13402061855670103,-0.6701030927835051,-0.12371134020618557,-0.5051546391752577,0.1134020618556701,-0.7216494845360825,0.12371134020618557,-0.9484536082474226,0.061855670103092786,-0.6391752577319587,0.05154639175257732,-0.4845360824742268,0.3402061855670103,-0.6391752577319587,0.3711340206185567,-0.8350515463917526,0.28865979381443296,-0.6701030927835051,0.2268041237113402,-0.5567010309278351
A,0.0,0.0,-0.2871287128712871,-0.18811881188118812,-0.46534653465346537,-0.5247524752475248,-0.5643564356435643,-0.7920792079207921,-0.693069306930693,-0.9603960396039604,-0.3069306930693069,-0.7524752475247525,-0.39603960396039606,-0.9801980198019802,-0.36633663366336633,-0.7227722772277227,-0.31683168316831684,-0.5346534653465347,-0.12871287128712872,-0.7524752475247525,-0.2079207920792079,-1.0,-0.21782178217821782,-0.6831683168316832,-0.16831683168316833,-0.49504950495049505,0.06930693069306931,-0.7128712871287128,0.0,-0.9603960396039604,-0.0594059405940594,-0.6633663366336634,-0.0297029702970297,-0.4752475247524752,0.2871287128712871,-0.6534653465346535,0.2376237623762376,-0.8712871287128713,0.13861386138613863,-0.7128712871287128,0.1188118811881188,-0.5742574257425742
A,0.0,0.0,-0.30927835051546393,-0.16494845360824742,-0.5463917525773195,-0.4845360824742268,-0.7010309278350515,-0.7628865979381443,-0.865979381443299,-0.9278350515463918,-0.41237113402061853,-0.7319587628865979,-0.4536082474226804,-0.979381443298969,-0.3917525773195876,-0.7319587628865979,-0.3402061855670103,-0.5463917525773195,-0.1958762886597938,-0.7525773195876289,-0.21649484536082475,-1.0,-0.18556701030927836,-0.6804123711340206,-0.16494845360824742,-0.5154639175257731,0.020618556701030927,-0.7216494845360825,0.020618556701030927,-0.9484536082474226,0.0,-0.6494845360824743,-0.010309278350515464,-0.4948453608247423,0.23711340206185566,-0.6597938144329897,0.25773195876288657,-0.8556701030927835,0.18556701030927836,-0.6804123711340206,0.13402061855670103,-0.5670103092783505
A,0.0,0.0,-0.3333333333333333,-0.09090909090909091,-0.6262626262626263,-0.3434343434343434,-0.8282828282828283,-0.5555555555555556,-1.0,-0.6868686868686869,-0.5454545454545454,-0.6060606060606061,-0.6565656565656566,-0.8383838383838383,-0.5454545454545454,-0.6464646464646465,-0.46464646464646464,-0.494949494949495,-0.35353535353535354,-0.6767676767676768,-0.4444444444444444,-0.898989898989899,-0.3333333333333333,-0.6262626262626263,-0.2828282828282828,-0.48484848484848486,-0.15151515151515152,-0.7070707070707071,-0.21212121212121213,-0.9292929292929293,-0.16161616161616163,-0.6666666666666666,-0.1414141414141414,-0.5151515151515151,0.06060606060606061,-0.6868686868686869,0.04040404040404041,-0.898989898989899,0.010101010101010102,-0.7373737373737373,-0.020202020202020204,-0.5959595959595959
A,0.0,0.0,-0.30927835051546393,-0.15463917525773196,-0.5257731958762887,-0.5051546391752577,-0.6701030927835051,-0.7938144329896907,-0.8247422680412371,-0.9690721649484536,-0.3711340206185567,-0.7422680412371134,-0.3917525773195876,-0.979381443298969,-0.32989690721649484,-0.711340206185567,-0.28865979381443296,-0.5257731958762887,-0.14432989690721648,-0.7628865979381443,-0.13402061855670103,-1.0,-0.12371134020618557,-0.6597938144329897,-0.1134020618556701,-0.4948453608247423,0.08247422680412371,-0.7216494845360825,0.1134020618556701,-0.9484536082474226,0.07216494845360824,-0.6391752577319587,0.05154639175257732,-0.4845360824742268,0.28865979381443296,-0.6494845360824743,0.3402061855670103,-0.845360824742268,0.26804123711340205,-0.6701030927835051,0.20618556701030927,-0.5463917525773195
A,0.0,0.0,-0.33663366336633666,-0.1782178217821782,-0.5544554455445545,-0.48514851485148514,-0.6732673267326733,-0.7425742574257426,-0.8118811881188119,-0.9306930693069307,-0.39603960396039606,-0.7326732673267327,-0.504950495049505,-0.9504950495049505,-0.4752475247524752,-0.7128712871287128,-0.40594059405940597,-0.5247524752475248,-0.22772277227722773,-0.7524752475247525,-0.32673267326732675,-1.0,-0.3069306930693069,-0.6831683168316832,-0.24752475247524752,-0.49504950495049505,-0.0297029702970297,-0.7326732673267327,-0.13861386138613863,-0.9702970297029703,-0.1485148514851485,-0.6633663366336634,-0.0891089108910891,-0.48514851485148514,0.18811881188118812,-0.693069306930693,0.07920792079207921,-0.8910891089108911,0.0297029702970297,-0.7128712871287128,0.0594059405940594,-0.5841584158415841
A,0.0,0.0,-0.31313131313131315,-0.16161616161616163,-0.5353535353535354,-0.494949494949495,-0.6767676767676768,-0.7878787878787878,-0.8080808080808081,-0.9797979797979798,-0.3939393939393939,-0.7474747474747475,-0.42424242424242425,-0.9797979797979798,-0.35353535353535354,-0.7171717171717171,-0.31313131313131315,-0.5252525252525253,-0.16161616161616163,-0.7575757575757576,-0.1717171717171717,-1.0,-0.15151515151515152,-0.6666666666666666,-0.1414141414141414,-0.5050505050505051,0.06060606060606061,-0.7272727272727273,0.0707070707070707,-0.9393939393939394,0.04040404040404041,-0.6363636363636364,0.020202020202020204,-0.48484848484848486,0.26262626262626265,-0.6565656565656566,0.30303030303030304,-0.8484848484848485,0.24242424242424243,-0.6666666666666666,0.18181818181818182,-0.5555555555555556
A,0.0,0.0,-0.30701754385964913,-0.017543859649122806,-0.5964912280701754,-0.16666666666666666,-0.8245614035087719,-0.3157894736842105,-1.0,-0.38596491228070173,-0.5964912280701754,-0.41228070175438597,-0.7456140350877193,-0.5789473684210527,-0.6052631578947368,-0.42105263157894735,-0.5,-0.30701754385964913,-0.45614035087719296,-0.5087719298245614,-0.5789473684210527,-0.6754385964912281,-0.43859649122807015,-0.4473684210526316,-0.35964912280701755,-0.34210526315789475,-0.2894736842105263,-0.5614035087719298,-0.39473684210526316,-0.7280701754385965,-0.2894736842105263,-0.4824561403508772,-0.22807017543859648,-0.37719298245614036,-0.10526315789473684,-0.6052631578947368,-0.19298245614035087,-0.7456140350877193,-0.16666666666666666,-0.5877192982456141,-0.14035087719298245,-0.5
A,0.0,0.0,-0.3333333333333333,-0.12903225806451613,-0.6129032258064516,-0.44086021505376344,-0.7849462365591398,-0.6989247311827957,-0.956989247311828,-0.8602150537634409,-0.5053763440860215,-0.6989247311827957,-0.5698924731182796,-0.956989247311828,-0.4731182795698925,-0.7096774193548387,-0.40860215053763443,-0.5268817204301075,-0.27956989247311825,-0.7419354838709677,-0.3333333333333333,-1.0,-0.25806451612903225,-0.6774193548387096,-0.22580645161290322,-0.5161290322580645,-0.053763440860215055,-0.7419354838709677,-0.08602150537634409,-0.978494623655914,-0.06451612903225806,-0.6774193548387096,-0.06451612903225806,-0.5268817204301075,0.16129032258064516,-0.7096774193548387,0.16129032258064516,-0.9247311827956989,0.11827956989247312,-0.7311827956989247,0.08602150537634409,-0.6129032258064516
A,0.0,0.0,-0.2549019607843137,-0.18627450980392157,-0.39215686274509803,-0.5392156862745098,-0.47058823529411764,-0.8235294117647058,-0.5980392156862745,-1.0,-0.21568627450980393,-0.7549019607843137,-0.17647058823529413,-0.9607843137254902,-0.1568627450980392,-0.7156862745098039,-0.1568627450980392,-0.5392156862745098,0.0,-0.7254901960784313,0.049019607843137254,-0.9313725490196079,0.00980392156862745,-0.6372549019607843,-0.0196078431372549,-0.4803921568627451,0.18627450980392157,-0.6568627450980392,0.2647058823529412,-0.8431372549019608,0.18627450980392157,-0.5882352941176471,0.12745098039215685,-0.45098039215686275,0.3431372549019608,-0.5588235294117647,0.45098039215686275,-0.7352941176470589,0.3627450980392157,-0.5980392156862745,0.28431372549019607,-0.5098039215686274
A,0.0,0.0,-0.2621359223300971,-0.1941747572815534,-0.42718446601941745,-0.5436893203883495,-0.5242718446601942,-0.8252427184466019,-0.6601941747572816,-1.0,-0.24271844660194175,-0.7572815533980582,-0.22330097087378642,-0.970873786407767,-0.20388349514563106,-0.7184466019417476,-0.20388349514563106,-0.5436893203883495,-0.038834951456310676,-0.7378640776699029,0.019417475728155338,-0.9514563106796117,-0.02912621359223301,-0.6407766990291263,-0.05825242718446602,-0.49514563106796117,0.1553398058252427,-0.6699029126213593,0.23300970873786409,-0.8446601941747572,0.14563106796116504,-0.5825242718446602,0.08737864077669903,-0.4563106796116505,0.3300970873786408,-0.5728155339805825,0.4174757281553398,-0.7281553398058253,0.32038834951456313,-0.5825242718446602,0.24271844660194175,-0.49514563106796117
A,0.0,0.0,-0.3404255319148936,-0.11702127659574468,-0.6276595744680851,-0.39361702127659576,-0.8404255319148937,-0.648936170212766,-1.0,-0.8191489361702128,-0.5425531914893617,-0.6808510638297872,-0.6382978723404256,-0.9361702127659575,-0.5319148936170213,-0.7127659574468085,-0.46808510638297873,-0.5425531914893617,-0.32978723404255317,-0.7340425531914894,-0.40425531914893614,-0.9787234042553191,-0.3191489361702128,-0.6702127659574468,-0.2765957446808511,-0.5319148936170213,-0.10638297872340426,-0.7446808510638298,-0.14893617021276595,-0.9680851063829787,-0.1276595744680851,-0.6808510638297872,-0.11702127659574468,-0.5425531914893617,0.11702127659574468,-0.7127659574468085,0.10638297872340426,-0.925531914893617,0.06382978723404255,-0.7553191489361702,0.031914893617021274,-0.6382978723404256
A,0.0,0.0,-0.3,-0.17,-0.53,-0.5,-0.68,-0.78,-0.82,-0.96,-0.4,-0.75,-0.41,-0.99,-0.34,-0.75,-0.31,-0.56,-0.17,-0.76,-0.17,-1.0,-0.14,-0.68,-0.15,-0.53,0.04,-0.73,0.07,-0.94,0.05,-0.65,0.01,-0.51,0.23,-0.66,0.29,-0.86,0.23,-0.69,0.17,-0.58
A,0.0,0.0,-0.29896907216494845,-0.16494845360824742,-0.5257731958762887,-0.5257731958762887,-0.6701030927835051,-0.8247422680412371,-0.8350515463917526,-1.0,-0.3711340206185567,-0.7731958762886598,-0.3711340206185567,-0.9896907216494846,-0.30927835051546393,-0.7010309278350515,-0.26804123711340205,-0.5154639175257731,-0.12371134020618557,-0.7835051546391752,-0.10309278350515463,-1.0,-0.09278350515463918,-0.6494845360824743,-0.10309278350515463,-0.4948453608247423,0.1134020618556701,-0.7319587628865979,0.15463917525773196,-0.9381443298969072,0.1134020618556701,-0.6185567010309279,0.07216494845360824,-0.4845360824742268,0.31958762886597936,-0.6597938144329897,0.38144329896907214,-0.845360824742268,0.30927835051546393,-0.6494845360824743,0.23711340206185566,-0.5567010309278351
A,0.0,0.0,-0.3211009174311927,-0.06422018348623854,-0.6238532110091743,-0.24770642201834864,-0.8348623853211009,-0.4036697247706422,-1.0,-0.4954128440366973,-0.5871559633027523,-0.48623853211009177,-0.6972477064220184,-0.6605504587155964,-0.5688073394495413,-0.5137614678899083,-0.48623853211009177,-0.3944954128440367,-0.42201834862385323,-0.5596330275229358,-0.5137614678899083,-0.7431192660550459,-0.3853211009174312,-0.5229357798165137,-0.3302752293577982,-0.4036697247706422,-0.24770642201834864,-0.6055045871559633,-0.3119266055045872,-0.7798165137614679,-0.22935779816513763,-0.5596330275229358,-0.1926605504587156,-0.44036697247706424,-0.06422018348623854,-0.6146788990825688,-0.10091743119266056,-0.7889908256880734,-0.10091743119266056,-0.6422018348623854,-0.10091743119266056,-0.5321100917431193
A,0.0,0.0,-0.3465346534653465,-0.0594059405940594,-0.6732673267326733,-0.26732673267326734,-0.8811881188118812,-0.46534653465346537,-1.0,-0.6237623762376238,-0.5643564356435643,-0.5742574257425742,-0.6534653465346535,-0.7722772277227723,-0.5445544554455446,-0.5742574257425742,-0.4752475247524752,-0.4158415841584158,-0.36633663366336633,-0.6336633663366337,-0.42574257425742573,-0.8415841584158416,-0.33663366336633666,-0.5544554455445545,-0.297029702970297,-0.4158415841584158,-0.15841584158415842,-0.6633663366336634,-0.2079207920792079,-0.8613861386138614,-0.15841584158415842,-0.594059405940594,-0.12871287128712872,-0.43564356435643564,0.039603960396039604,-0.6534653465346535,0.0297029702970297,-0.8514851485148515,0.019801980198019802,-0.6732673267326733,0.0,-0.5445544554455446
A,0.0,0.0,-0.3157894736842105,-0.17894736842105263,-0.5368421052631579,-0.5052631578947369,-0.6421052631578947,-0.7684210526315789,-0.7684210526315789,-0.9473684210526315,-0.35789473684210527,-0.7578947368421053,-0.3894736842105263,-1.0,-0.3473684210526316,-0.7684210526315789,-0.29473684210526313,-0.5789473684210527,-0.12631578947368421,-0.7578947368421053,-0.14736842105263157,-1.0,-0.1368421052631579,-0.6842105263157895,-0.11578947368421053,-0.5052631578947369,0.09473684210526316,-0.7157894736842105,0.10526315789473684,-0.968421052631579,0.05263157894736842,-0.6631578947368421,0.042105263157894736,-0.4842105263157895,0.3157894736842105,-0.631578947368421,0.3473684210526316,-0.8526315789473684,0.2631578947368421,-0.6842105263157895,0.18947368421052632,-0.5578947368421052
A,0.0,0.0,-0.30927835051546393,-0.17525773195876287,-0.5360824742268041,-0.5257731958762887,-0.6597938144329897,-0.8144329896907216,-0.7731958762886598,-1.0,-0.35051546391752575,-0.7731958762886598,-0.3402061855670103,-0.9896907216494846,-0.28865979381443296,-0.7525773195876289,-0.27835051546391754,-0.5773195876288659,-0.12371134020618557,-0.7628865979381443,-0.08247422680412371,-0.9690721649484536,-0.09278350515463918,-0.6494845360824743,-0.1134020618556701,-0.5051546391752577,0.08247422680412371,-0.7216494845360825,0.14432989690721648,-0.9072164948453608,0.10309278350515463,-0.6288659793814433,0.061855670103092786,-0.4948453608247423,0.27835051546391754,-0.6391752577319587,0.35051546391752575,-0.8144329896907216,0.28865979381443296,-0.6494845360824743,0.21649484536082475,-0.5463917525773195
A,0.0,0.0,-0.358695652173913,-0.09782608695652174,-0.6521739130434783,-0.3804347826086957,-0.8369565217391305,-0.6413043478260869,-1.0,-0.8152173913043478,-0.5760869565217391,-0.6847826086956522,-0.6630434782608695,-0.9347826086956522,-0.5652173913043478,-0.717391304347826,-0.4891304347826087,-0.5434782608695652,-0.358695652173913,-0.7282608695652174,-0.42391304347826086,-1.0,-0.34782608695652173,-0.6847826086956522,-0.30434782608695654,-0.5108695652173914,-0.11956521739130435,-0.7391304347826086,-0.18478260869565216,-0.9782608695652174,-0.15217391304347827,-0.6630434782608695,-0.13043478260869565,-0.4891304347826087,0.11956521739130435,-0.717391304347826,0.06521739130434782,-0.9021739130434783,0.05434782608695652,-0.6956521739130435,0.043478260869565216,-0.5543478260869565
A,0.0,0.0,-0.32,-0.16,-0.54,-0.45,-0.66,-0.71,-0.78,-0.9,-0.4,-0.72,-0.46,-0.95,-0.41,-0.72,-0.36,-0.54,-0.2,-0.74,-0.25,-1.0,-0.23,-0.69,-0.19,-0.52,0.01,-0.71,-0.03,-0.94,-0.05,-0.64,-0.03,-0.48,0.22,-0.64,0.19,-0.83,0.13,-0.66,0.12,-0.54
A,0.0,0.0,-0.3235294117647059,-0.14705882352941177,-0.5686274509803921,-0.45098039215686275,-0.7254901960784313,-0.7156862745098039,-0.8921568627450981,-0.8627450980392157,-0.4411764705882353,-0.7058823529411765,-0.5294117647058824,-0.9411764705882353,-0.4411764705882353,-0.7156862745098039,-0.37254901960784315,-0.5392156862745098,-0.23529411764705882,-0.7352941176470589,-0.29411764705882354,-1.0,-0.24509803921568626,-0.696078431372549,-0.20588235294117646,-0.5196078431372549,-0.0196078431372549,-0.7156862745098039,-0.06862745098039216,-0.9509803921568627,-0.058823529411764705,-0.6470588235294118,-0.0392156862745098,-0.4803921568627451,0.20588235294117646,-0.6568627450980392,0.17647058823529413,-0.8529411764705882,0.12745098039215685,-0.6764705882352942,0.10784313725490197,-0.5588235294117647
A,0.0,0.0,-0.30097087378640774,-0.13592233009708737,-0.5533980582524272,-0.4368932038834951,-0.7475728155339806,-0.6893203883495146,-0.9320388349514563,-0.8155339805825242,-0.4174757281553398,-0.7087378640776699,-0.49514563106796117,-0.941747572815534,-0.42718446601941745,-0.6990291262135923,-0.36893203883495146,-0.5339805825242718,-0.21359223300970873,-0.7378640776699029,-0.2621359223300971,-1.0,-0.23300970873786409,-0.6796116504854369,-0.1941747572815534,-0.5145631067961165,0.0,-0.6990291262135923,-0.02912621359223301,-0.9223300970873787,-0.04854368932038835,-0.6213592233009708,-0.02912621359223301,-0.46601941747572817,0.21359223300970873,-0.6407766990291263,0.20388349514563106,-0.8252427184466019,0.13592233009708737,-0.6504854368932039,0.10679611650485436,-0.5436893203883495
A,0.0,0.0,-0.3225806451612903,-0.15053763440860216,-0.5806451612903226,-0.46236559139784944,-0.7419354838709677,-0.7096774193548387,-0.8817204301075269,-0.8817204301075269,-0.44086021505376344,-0.7419354838709677,-0.46236559139784944,-0.956989247311828,-0.3978494623655914,-0.7419354838709677,-0.3655913978494624,-0.5591397849462365,-0.21505376344086022,-0.7634408602150538,-0.22580645161290322,-1.0,-0.1935483870967742,-0.6989247311827957,-0.1935483870967742,-0.5268817204301075,0.0,-0.7311827956989247,0.010752688172043012,-0.946236559139785,0.0,-0.6666666666666666,-0.010752688172043012,-0.5053763440860215,0.21505376344086022,-0.6666666666666666,0.24731182795698925,-0.8602150537634409,0.1935483870967742,-0.6989247311827957,0.12903225806451613,-0.5698924731182796
A,0.0,0.0,-0.35789473684210527,-0.11578947368421053,-0.6210526315789474,-0.37894736842105264,-0.7789473684210526,-0.6210526315789474,-0.9368421052631579,-0.7894736842105263,-0.5052631578947369,-0.6631578947368421,-0.6210526315789474,-0.8947368421052632,-0.5473684210526316,-0.6947368421052632,-0.4631578947368421,-0.5263157894736842,-0.3157894736842105,-0.7157894736842105,-0.43157894736842106,-1.0,-0.3684210526315789,-0.7157894736842105,-0.29473684210526313,-0.5263157894736842,-0.10526315789473684,-0.7368421052631579,-0.2,-0.9789473684210527,-0.16842105263157894,-0.6631578947368421,-0.11578947368421053,-0.47368421052631576,0.1368421052631579,-0.7157894736842105,0.05263157894736842,-0.9368421052631579,0.021052631578947368,-0.7473684210526316,0.021052631578947368,-0.5894736842105263
A,0.0,0.0,-0.3181818181818182,-0.08181818181818182,-0.6,-0.2909090909090909,-0.8090909090909091,-0.4909090909090909,-1.0,-0.6090909090909091,-0.5818181818181818,-0.5727272727272728,-0.7,-0.7818181818181819,-0.5909090909090909,-0.5909090909090909,-0.5,-0.44545454545454544,-0.4,-0.6454545454545455,-0.5181818181818182,-0.8636363636363636,-0.4090909090909091,-0.5818181818181818,-0.32727272727272727,-0.44545454545454544,-0.2,-0.6727272727272727,-0.2909090909090909,-0.8727272727272727,-0.22727272727272727,-0.6,-0.17272727272727273,-0.4636363636363636,0.01818181818181818,-0.6818181818181818,-0.05454545454545454,-0.8636363636363636,-0.06363636363636363,-0.6818181818181818,-0.05454545454545454,-0.5727272727272728
A,0.0,0.0,-0.29411764705882354,-0.16666666666666666,-0.49019607843137253,-0.49019607843137253,-0.5980392156862745,-0.7745098039215687,-0.6862745098039216,-1.0,-0.35294117647058826,-0.7450980392156863,-0.37254901960784315,-0.9803921568627451,-0.3235294117647059,-0.7352941176470589,-0.28431372549019607,-0.5490196078431373,-0.13725490196078433,-0.7549019607843137,-0.13725490196078433,-0.9901960784313726,-0.12745098039215685,-0.6764705882352942,-0.11764705882352941,-0.5196078431372549,0.0784313725490196,-0.7058823529411765,0.09803921568627451,-0.9215686274509803,0.058823529411764705,-0.6372549019607843,0.0392156862745098,-0.49019607843137253,0.29411764705882354,-0.6274509803921569,0.3333333333333333,-0.8235294117647058,0.2647058823529412,-0.6666666666666666,0.19607843137254902,-0.5588235294117647
A,0.0,0.0,-0.33663366336633666,-0.13861386138613863,-0.5841584158415841,-0.42574257425742573,-0.7623762376237624,-0.6831683168316832,-0.9504950495049505,-0.8118811881188119,-0.504950495049505,-0.693069306930693,-0.594059405940594,-0.9603960396039604,-0.5148514851485149,-0.7425742574257426,-0.44554455445544555,-0.5643564356435643,-0.297029702970297,-0.7425742574257426,-0.37623762376237624,-1.0,-0.31683168316831684,-0.6831683168316832,-0.25742574257425743,-0.5247524752475248,-0.07920792079207921,-0.7326732673267327,-0.13861386138613863,-0.9900990099009901,-0.12871287128712872,-0.693069306930693,-0.09900990099009901,-0.5148514851485149,0.13861386138613863,-0.7029702970297029,0.1188118811881188,-0.9207920792079208,0.06930693069306931,-0.7524752475247525,0.04950495049504951,-0.6237623762376238
B,0.0,0.0,-0.1751412429378531,-0.0903954802259887,-0.2711864406779661,-0.2768361581920904,-0.2542372881355932,-0.4519774011299435,-0.15254237288135594,-0.5310734463276836,-0.2598870056497175,-0.4858757062146893,-0.3050847457627119,-0.6892655367231638,-0.3163841807909605,-0.8192090395480226,-0.3107344632768362,-0.9209039548022598,-0.15819209039548024,-0.5254237288135594,-0.1977401129943503,-0.751412429378531,-0.20903954802259886,-0.8870056497175142,-0.21468926553672316,-1.0,-0.04519774011299435,-0.5254237288135594,-0.07909604519774012,-0.7401129943502824,-0.1016949152542373,-0.8587570621468926,-0.11299435028248588,-0.96045197740113,0.06779661016949153,-0.4915254237288136,0.04519774011299435,-0.6497175141242938,0.022598870056497175,-0.751412429378531,0.0,-0.8305084745762712
B,0.0,0.0,-0.15934065934065933,-0.11538461538461539,-0.23076923076923078,-0.3131868131868132,-0.2032967032967033,-0.4945054945054945,-0.10989010989010989,-0.5769230769230769,-0.1978021978021978,-0.510989010989011,-0.22527472527472528,-0.7142857142857143,-0.22527472527472528,-0.8351648351648352,-0.2087912087912088,-0.9340659340659341,-0.09340659340659341,-0.5384615384615384,-0.10989010989010989,-0.7582417582417582,-0.12087912087912088,-0.8901098901098901,-0.11538461538461539,-1.0,0.016483516483516484,-0.5274725274725275,0.005494505494505495,-0.7362637362637363,-0.005494505494505495,-0.8571428571428571,-0.01098901098901099,-0.9505494505494505,0.12637362637362637,-0.4835164835164835,0.12087912087912088,-0.6373626373626373,0.10989010989010989,-0.7417582417582418,0.09340659340659341,-0.8241758241758241
B,0.0,0.0,-0.1388888888888889,-0.10555555555555556,-0.2,-0.2722222222222222,-0.14444444444444443,-0.4111111111111111,-0.06111111111111111,-0.46111111111111114,-0.20555555555555555,-0.4722222222222222,-0.2111111111111111,-0.6722222222222223,-0.20555555555555555,-0.8,-0.18888888888888888,-0.9111111111111111,-0.1111111111111111,-0.5,-0.1111111111111111,-0.7166666666666667,-0.10555555555555556,-0.8666666666666667,-0.1,-1.0,-0.011111111111111112,-0.4777777777777778,-0.011111111111111112,-0.6888888888888889,-0.011111111111111112,-0.8222222222222222,-0.005555555555555556,-0.9333333333333333,0.08333333333333333,-0.43333333333333335,0.07777777777777778,-0.5833333333333334,0.06666666666666667,-0.6888888888888889,0.05555555555555555,-0.7833333333333333
B,0.0,0.0,-0.14754098360655737,-0.1092896174863388,-0.22404371584699453,-0.28415300546448086,-0.18032786885245902,-0.43169398907103823,-0.08196721311475409,-0.4918032786885246,-0.24043715846994534,-0.4808743169398907,-0.26229508196721313,-0.6830601092896175,-0.2677595628415301,-0.8087431693989071,-0.26229508196721313,-0.9234972677595629,-0.1366120218579235,-0.5136612021857924,-0.16393442622950818,-0.73224043715847,-0.16939890710382513,-0.8743169398907104,-0.16939890710382513,-1.0,-0.03825136612021858,-0.5027322404371585,-0.0546448087431694,-0.7103825136612022,-0.06557377049180328,-0.8415300546448088,-0.07103825136612021,-0.9562841530054644,0.06557377049180328,-0.45901639344262296,0.0546448087431694,-0.6120218579234973,0.03825136612021858,-0.7213114754098361,0.0273224043715847,-0.8142076502732241
B,0.0,0.0,-0.11827956989247312,-0.12903225806451613,-0.15053763440860216,-0.3118279569892473,-0.06451612903225806,-0.45161290322580644,0.043010752688172046,-0.4838709677419355,-0.08064516129032258,-0.521505376344086,-0.043010752688172046,-0.7258064516129032,0.0,-0.8494623655913979,0.043010752688172046,-0.9516129032258065,0.021505376344086023,-0.521505376344086,0.06989247311827956,-0.7473118279569892,0.10752688172043011,-0.8817204301075269,0.15053763440860216,-1.0,0.11827956989247312,-0.478494623655914,0.16129032258064516,-0.6935483870967742,0.1935483870967742,-0.8172043010752689,0.22043010752688172,-0.9193548387096774,0.20430107526881722,-0.40860215053763443,0.24193548387096775,-0.5645161290322581,0.25806451612903225,-0.6720430107526881,0.26344086021505375,-0.7634408602150538
B,0.0,0.0,-0.13978494623655913,-0.10215053763440861,-0.21505376344086022,-0.27419354838709675,-0.1774193548387097,-0.43010752688172044,-0.08064516129032258,-0.4838709677419355,-0.21505376344086022,-0.478494623655914,-0.23655913978494625,-0.6774193548387096,-0.23118279569892472,-0.8064516129032258,-0.21505376344086022,-0.9139784946236559,-0.12365591397849462,-0.5053763440860215,-0.13978494623655913,-0.7258064516129032,-0.13978494623655913,-0.8709677419354839,-0.13440860215053763,-1.0,-0.026881720430107527,-0.489247311827957,-0.03763440860215054,-0.6989247311827957,-0.043010752688172046,-0.8333333333333334,-0.043010752688172046,-0.9516129032258065,0.06989247311827956,-0.44086021505376344,0.05913978494623656,-0.5967741935483871,0.04838709677419355,-0.6989247311827957,0.03225806451612903,-0.7956989247311828
B,0.0,0.0,-0.1590909090909091,-0.09659090909090909,-0.23863636363636365,-0.2840909090909091,-0.1875,-0.44886363636363635,-0.08522727272727272,-0.5113636363636364,-0.23863636363636365,-0.48295454545454547,-0.2727272727272727,-0.6761363636363636,-0.2784090909090909,-0.8011363636363636,-0.2727272727272727,-0.9147727272727273,-0.14204545454545456,-0.5170454545454546,-0.17613636363636365,-0.7329545454545454,-0.1875,-0.875,-0.1875,-1.0,-0.03977272727272727,-0.5113636363636364,-0.06818181818181818,-0.7159090909090909,-0.07954545454545454,-0.8465909090909091,-0.09090909090909091,-0.9659090909090909,0.0625,-0.4772727272727273,0.03977272727272727,-0.6420454545454546,0.017045454545454544,-0.7556818181818182,0.005681818181818182,-0.8465909090909091
B,0.0,0.0,-0.14054054054054055,-0.11351351351351352,-0.2,-0.2918918918918919,-0.14054054054054055,-0.43243243243243246,-0.02702702702702703,-0.4972972972972973,-0.16756756756756758,-0.5027027027027027,-0.16756756756756758,-0.7027027027027027,-0.15675675675675677,-0.827027027027027,-0.12972972972972974,-0.9297297297297298,-0.07027027027027027,-0.518918918918919,-0.05945945945945946,-0.7405405405405405,-0.043243243243243246,-0.8810810810810811,-0.021621621621621623,-1.0,0.021621621621621623,-0.4972972972972973,0.03783783783783784,-0.7027027027027027,0.05405405405405406,-0.8324324324324325,0.07027027027027027,-0.9405405405405406,0.11351351351351352,-0.44324324324324327,0.12432432432432433,-0.6,0.12432432432432433,-0.7081081081081081,0.12972972972972974,-0.8
B,0.0,0.0,-0.15555555555555556,-0.09444444444444444,-0.23333333333333334,-0.2611111111111111,-0.2,-0.4111111111111111,-0.11666666666666667,-0.4777777777777778,-0.20555555555555555,-0.48333333333333334,-0.22777777777777777,-0.6777777777777778,-0.22777777777777777,-0.8055555555555556,-0.2111111111111111,-0.9166666666666666,-0.11666666666666667,-0.5111111111111111,-0.13333333333333333,-0.7333333333333333,-0.13333333333333333,-0.8777777777777778,-0.12222222222222222,-1.0,-0.022222222222222223,-0.5,-0.03888888888888889,-0.7166666666666667,-0.03888888888888889,-0.85,-0.03333333333333333,-0.9611111111111111,0.06666666666666667,-0.45555555555555555,0.05555555555555555,-0.6222222222222222,0.044444444444444446,-0.7333333333333333,0.03333333333333333,-0.8277777777777777
B,0.0,0.0,-0.1368421052631579,-0.1,-0.21052631578947367,-0.26842105263157895,-0.16842105263157894,-0.4105263157894737,-0.06842105263157895,-0.4631578947368421,-0.19473684210526315,-0.4789473684210526,-0.20526315789473684,-0.6789473684210526,-0.2,-0.8052631578947368,-0.17894736842105263,-0.9210526315789473,-0.1,-0.49473684210526314,-0.10526315789473684,-0.7210526315789474,-0.1,-0.868421052631579,-0.08421052631578947,-1.0,0.0,-0.47368421052631576,-0.005263157894736842,-0.6842105263157895,0.0,-0.8210526315789474,0.005263157894736842,-0.9368421052631579,0.09473684210526316,-0.42105263157894735,0.09473684210526316,-0.5789473684210527,0.08421052631578947,-0.6894736842105263,0.07894736842105263,-0.7842105263157895
B,0.0,0.0,-0.13636363636363635,-0.13131313131313133,-0.18686868686868688,-0.3282828282828283,-0.16666666666666666,-0.4797979797979798,-0.14646464646464646,-0.5707070707070707,-0.16666666666666666,-0.5151515151515151,-0.18686868686868688,-0.7121212121212122,-0.1919191919191919,-0.8383838383838383,-0.18181818181818182,-0.9494949494949495,-0.07575757575757576,-0.5303030303030303,-0.09090909090909091,-0.7373737373737373,-0.10101010101010101,-0.8787878787878788,-0.10606060606060606,-1.0,0.015151515151515152,-0.51010101010101,0.005050505050505051,-0.7121212121212122,-0.005050505050505051,-0.8434343434343434,-0.010101010101010102,-0.9545454545454546,0.1111111111111111,-0.4595959595959596,0.10606060606060606,-0.6161616161616161,0.09090909090909091,-0.7222222222222222,0.07575757575757576,-0.8080808080808081
B,0.0,0.0,-0.13705583756345177,-0.1065989847715736,-0.19796954314720813,-0.28426395939086296,-0.15228426395939088,-0.4263959390862944,-0.06091370558375635,-0.467005076142132,-0.16751269035532995,-0.49746192893401014,-0.17258883248730963,-0.6954314720812182,-0.16751269035532995,-0.817258883248731,-0.15228426395939088,-0.9238578680203046,-0.07614213197969544,-0.5126903553299492,-0.08121827411167512,-0.7309644670050761,-0.07614213197969544,-0.8730964467005076,-0.06091370558375635,-1.0,0.015228426395939087,-0.4873096446700508,0.02030456852791878,-0.6954314720812182,0.025380710659898477,-0.8324873096446701,0.030456852791878174,-0.9441624365482234,0.1116751269035533,-0.4263959390862944,0.1116751269035533,-0.583756345177665,0.1116751269035533,-0.6903553299492385,0.1065989847715736,-0.7868020304568528
B,0.0,0.0,-0.135678391959799,-0.11055276381909548,-0.20100502512562815,-0.2914572864321608,-0.15577889447236182,-0.4371859296482412,-0.05527638190954774,-0.457286432160804,-0.1708542713567839,-0.49748743718592964,-0.17587939698492464,-0.6984924623115578,-0.1708542713567839,-0.8241206030150754,-0.15577889447236182,-0.9296482412060302,-0.07537688442211055,-0.5125628140703518,-0.08040201005025126,-0.7286432160804021,-0.07537688442211055,-0.8743718592964824,-0.06532663316582915,-1.0,0.01507537688442211,-0.4824120603015075,0.020100502512562814,-0.6934673366834171,0.03015075376884422,-0.8241206030150754,0.035175879396984924,-0.9396984924623115,0.11055276381909548,-0.4271356783919598,0.11557788944723618,-0.5829145728643216,0.11557788944723618,-0.6934673366834171,0.11055276381909548,-0.7839195979899497
B,0.0,0.0,-0.13541666666666666,-0.109375,-0.19791666666666666,-0.2864583333333333,-0.14583333333333334,-0.4375,-0.046875,-0.46875,-0.14583333333333334,-0.4947916666666667,-0.140625,-0.6875,-0.125,-0.8125,-0.09895833333333333,-0.921875,-0.052083333333333336,-0.5052083333333334,-0.041666666666666664,-0.7291666666666666,-0.026041666666666668,-0.8697916666666666,-0.005208333333333333,-1.0,0.041666666666666664,-0.4791666666666667,0.052083333333333336,-0.6875,0.0625,-0.8229166666666666,0.078125,-0.9375,0.13020833333333334,-0.421875,0.13541666666666666,-0.5833333333333334,0.13541666666666666,-0.6927083333333334,0.13541666666666666,-0.7864583333333334
B,0.0,0.0,-0.12755102040816327,-0.10714285714285714,-0.18877551020408162,-0.2857142857142857,-0.14285714285714285,-0.42857142857142855,-0.05612244897959184,-0.4642857142857143,-0.14795918367346939,-0.49489795918367346,-0.15306122448979592,-0.6836734693877551,-0.14285714285714285,-0.8112244897959183,-0.12244897959183673,-0.9183673469387755,-0.0663265306122449,-0.5051020408163265,-0.061224489795918366,-0.7193877551020408,-0.05102040816326531,-0.8673469387755102,-0.03571428571428571,-1.0,0.02040816326530612,-0.47959183673469385,0.030612244897959183,-0.6836734693877551,0.04081632653061224,-0.8163265306122449,0.05612244897959184,-0.9336734693877551,0.10204081632653061,-0.42346938775510207,0.11224489795918367,-0.5816326530612245,0.11224489795918367,-0.6887755102040817,0.11224489795918367,-0.7806122448979592
B,0.0,0.0,-0.12745098039215685,-0.12745098039215685,-0.1715686274509804,-0.29901960784313725,-0.09803921568627451,-0.4264705882352941,0.014705882352941176,-0.47058823529411764,-0.11764705882352941,-0.5,-0.08823529411764706,-0.7058823529411765,-0.05392156862745098,-0.8284313725490197,-0.0196078431372549,-0.9411764705882353,-0.014705882352941176,-0.5049019607843137,0.024509803921568627,-0.7303921568627451,0.05392156862745098,-0.8725490196078431,0.08823529411764706,-1.0,0.08333333333333333,-0.46568627450980393,0.11764705882352941,-0.6715686274509803,0.14215686274509803,-0.7941176470588235,0.16176470588235295,-0.9019607843137255,0.17647058823529413,-0.39215686274509803,0.20098039215686275,-0.5490196078431373,0.2107843137254902,-0.6519607843137255,0.21568627450980393,-0.7450980392156863
B,0.0,0.0,-0.12560386473429952,-0.12077294685990338,-0.18357487922705315,-0.2898550724637681,-0.12560386473429952,-0.42995169082125606,-0.00966183574879227,-0.45893719806763283,-0.12560386473429952,-0.5024154589371981,-0.10144927536231885,-0.7053140096618358,-0.06763285024154589,-0.8309178743961353,-0.028985507246376812,-0.9420289855072463,-0.024154589371980676,-0.5024154589371981,0.00966183574879227,-0.7294685990338164,0.03864734299516908,-0.8743961352657005,0.07729468599033816,-1.0,0.07246376811594203,-0.46859903381642515,0.10144927536231885,-0.6763285024154589,0.12077294685990338,-0.8019323671497585,0.14009661835748793,-0.9130434782608695,0.16908212560386474,-0.40096618357487923,0.18840579710144928,-0.5555555555555556,0.19806763285024154,-0.6618357487922706,0.2028985507246377,-0.7584541062801933
B,0.0,0.0,-0.12682926829268293,-0.11707317073170732,-0.18048780487804877,-0.28292682926829266,-0.12195121951219512,-0.4146341463414634,-0.014634146341463415,-0.4585365853658537,-0.12682926829268293,-0.4975609756097561,-0.09268292682926829,-0.7073170731707317,-0.06341463414634146,-0.8341463414634146,-0.01951219512195122,-0.9463414634146341,-0.024390243902439025,-0.4975609756097561,0.014634146341463415,-0.7268292682926829,0.04878048780487805,-0.8731707317073171,0.08780487804878048,-1.0,0.07317073170731707,-0.4634146341463415,0.1073170731707317,-0.6731707317073171,0.13170731707317074,-0.8,0.15121951219512195,-0.9121951219512195,0.17073170731707318,-0.3902439024390244,0.1951219512195122,-0.551219512195122,0.2048780487804878,-0.6585365853658537,0.2097560975609756,-0.7560975609756098
B,0.0,0.0,-0.13106796116504854,-0.11650485436893204,-0.18932038834951456,-0.2766990291262136,-0.1262135922330097,-0.4077669902912621,-0.024271844660194174,-0.4563106796116505,-0.13106796116504854,-0.49029126213592233,-0.10194174757281553,-0.6990291262135923,-0.06796116504854369,-0.8252427184466019,-0.02912621359223301,-0.9368932038834952,-0.024271844660194174,-0.49029126213592233,0.014563106796116505,-0.7281553398058253,0.04854368932038835,-0.8737864077669902,0.08737864077669903,-1.0,0.07281553398058252,-0.4563106796116505,0.10679611650485436,-0.6747572815533981,0.13106796116504854,-0.8009708737864077,0.1553398058252427,-0.912621359223301,0.1650485436893204,-0.38349514563106796,0.18932038834951456,-0.5436893203883495,0.19902912621359223,-0.6504854368932039,0.2087378640776699,-0.7475728155339806
B,0.0,0.0,-0.14285714285714285,-0.09359605911330049,-0.22167487684729065,-0.2512315270935961,-0.18719211822660098,-0.39901477832512317,-0.09359605911330049,-0.46798029556650245,-0.16748768472906403,-0.4827586206896552,-0.1625615763546798,-0.6847290640394089,-0.14285714285714285,-0.812807881773399,-0.11330049261083744,-0.9211822660098522,-0.06896551724137931,-0.4975369458128079,-0.054187192118226604,-0.7241379310344828,-0.034482758620689655,-0.8719211822660099,-0.009852216748768473,-1.0,0.029556650246305417,-0.4729064039408867,0.04433497536945813,-0.6847290640394089,0.054187192118226604,-0.812807881773399,0.06896551724137931,-0.9261083743842364,0.12807881773399016,-0.41379310344827586,0.13793103448275862,-0.5714285714285714,0.13793103448275862,-0.6798029556650246,0.1330049261083744,-0.7783251231527094
B,0.0,0.0,-0.14646464646464646,-0.10101010101010101,-0.2222222222222222,-0.25757575757575757,-0.1919191919191919,-0.40404040404040403,-0.09090909090909091,-0.47474747474747475,-0.20202020202020202,-0.48484848484848486,-0.20707070707070707,-0.6818181818181818,-0.19696969696969696,-0.8080808080808081,-0.17676767676767677,-0.9191919191919192,-0.10101010101010101,-0.5,-0.10606060606060606,-0.7272727272727273,-0.09595959595959595,-0.8686868686868687,-0.08080808080808081,-1.0,-0.005050505050505051,-0.4797979797979798,-0.005050505050505051,-0.696969696969697,-0.005050505050505051,-0.8232323232323232,0.0,-0.9393939393939394,0.09595959595959595,-0.4292929292929293,0.09090909090909091,-0.5909090909090909,0.08080808080808081,-0.696969696969697,0.06565656565656566,-0.7929292929292929
B,0.0,0.0,-0.16666666666666666,-0.08620689655172414,-0.27011494252873564,-0.23563218390804597,-0.26436781609195403,-0.39655172413793105,-0.1781609195402299,-0.46551724137931033,-0.3160919540229885,-0.4540229885057471,-0.3735632183908046,-0.6551724137931034,-0.40229885057471265,-0.7873563218390804,-0.41379310344827586,-0.9080459770114943,-0.21839080459770116,-0.4942528735632184,-0.28735632183908044,-0.7183908045977011,-0.3160919540229885,-0.867816091954023,-0.3390804597701149,-1.0,-0.11494252873563218,-0.4942528735632184,-0.1724137931034483,-0.7068965517241379,-0.20114942528735633,-0.8448275862068966,-0.22988505747126436,-0.9655172413793104,0.0,-0.46551724137931033,-0.04597701149425287,-0.6264367816091954,-0.08045977011494253,-0.735632183908046,-0.11494252873563218,-0.8275862068965517
B,0.0,0.0,-0.08823529411764706,-0.16470588235294117,-0.07058823529411765,-0.36470588235294116,0.047058823529411764,-0.4764705882352941,0.17647058823529413,-0.49411764705882355,0.03529411764705882,-0.5588235294117647,0.11764705882352941,-0.7588235294117647,0.18823529411764706,-0.8764705882352941,0.2529411764705882,-0.9764705882352941,0.1411764705882353,-0.5294117647058824,0.23529411764705882,-0.7529411764705882,0.3058823529411765,-0.888235294117647,0.37058823529411766,-1.0,0.22941176470588234,-0.4647058823529412,0.3235294117647059,-0.6764705882352942,0.38235294117647056,-0.8,0.4294117647058823,-0.9058823529411765,0.3058823529411765,-0.37058823529411766,0.3764705882352941,-0.5294117647058824,0.4176470588235294,-0.6352941176470588,0.4470588235294118,-0.7294117647058823
B,0.0,0.0,-0.14942528735632185,-0.10344827586206896,-0.22413793103448276,-0.27586206896551724,-0.1781609195402299,-0.42528735632183906,-0.08620689655172414,-0.4827586206896552,-0.21839080459770116,-0.4885057471264368,-0.25862068965517243,-0.6839080459770115,-0.27011494252873564,-0.8103448275862069,-0.27011494252873564,-0.9195402298850575,-0.12643678160919541,-0.5172413793103449,-0.16091954022988506,-0.735632183908046,-0.1781609195402299,-0.8793103448275862,-0.1839080459770115,-1.0,-0.028735632183908046,-0.5114942528735632,-0.05172413793103448,-0.7183908045977011,-0.06896551724137931,-0.8448275862068966,-0.07471264367816093,-0.9597701149425287,0.06321839080459771,-0.47126436781609193,0.05172413793103448,-0.6264367816091954,0.034482758620689655,-0.7298850574712644,0.022988505747126436,-0.8218390804597702
B,0.0,0.0,-0.13812154696132597,-0.12154696132596685,-0.19337016574585636,-0.292817679558011,-0.13259668508287292,-0.43646408839779005,-0.03314917127071823,-0.48066298342541436,-0.17679558011049723,-0.4972375690607735,-0.18232044198895028,-0.7016574585635359,-0.1712707182320442,-0.8287292817679558,-0.14917127071823205,-0.9392265193370166,-0.0718232044198895,-0.5138121546961326,-0.07734806629834254,-0.7292817679558011,-0.06629834254143646,-0.8729281767955801,-0.055248618784530384,-1.0,0.027624309392265192,-0.49171270718232046,0.027624309392265192,-0.6961325966850829,0.03314917127071823,-0.8287292817679558,0.03314917127071823,-0.9447513812154696,0.1270718232044199,-0.43646408839779005,0.1270718232044199,-0.5966850828729282,0.11602209944751381,-0.7016574585635359,0.11049723756906077,-0.7955801104972375
B,0.0,0.0,-0.14594594594594595,-0.0972972972972973,-0.22162162162162163,-0.2702702702702703,-0.17297297297297298,-0.41621621621621624,-0.06486486486486487,-0.4594594594594595,-0.1783783783783784,-0.4810810810810811,-0.1891891891891892,-0.6918918918918919,-0.1837837837837838,-0.8216216216216217,-0.17297297297297298,-0.9297297297297298,-0.07567567567567568,-0.4972972972972973,-0.08648648648648649,-0.7297297297297297,-0.08108108108108109,-0.8702702702702703,-0.07027027027027027,-1.0,0.021621621621621623,-0.4756756756756757,0.016216216216216217,-0.6918918918918919,0.021621621621621623,-0.8162162162162162,0.032432432432432434,-0.9297297297297298,0.11891891891891893,-0.42162162162162165,0.11891891891891893,-0.5783783783783784,0.11351351351351352,-0.6864864864864865,0.10810810810810811,-0.7783783783783784
B,0.0,0.0,-0.1452513966480447,-0.11731843575418995,-0.20670391061452514,-0.30726256983240224,-0.16201117318435754,-0.4581005586592179,-0.0782122905027933,-0.5083798882681564,-0.17318435754189945,-0.4972067039106145,-0.18994413407821228,-0.6927374301675978,-0.18994413407821228,-0.8156424581005587,-0.16759776536312848,-0.9217877094972067,-0.0782122905027933,-0.5251396648044693,-0.09497206703910614,-0.7318435754189944,-0.0893854748603352,-0.8715083798882681,-0.0782122905027933,-1.0,0.01675977653631285,-0.5083798882681564,0.00558659217877095,-0.7094972067039106,0.00558659217877095,-0.8379888268156425,0.0111731843575419,-0.9441340782122905,0.10614525139664804,-0.4692737430167598,0.09497206703910614,-0.6256983240223464,0.09497206703910614,-0.7262569832402235,0.0893854748603352,-0.8156424581005587
B,0.0,0.0,-0.15384615384615385,-0.09230769230769231,-0.24102564102564103,-0.28205128205128205,-0.2,-0.4461538461538462,-0.1076923076923077,-0.4512820512820513,-0.22564102564102564,-0.48717948717948717,-0.2512820512820513,-0.6717948717948717,-0.26153846153846155,-0.7948717948717948,-0.26153846153846155,-0.9076923076923077,-0.13846153846153847,-0.517948717948718,-0.16923076923076924,-0.7230769230769231,-0.1794871794871795,-0.8717948717948718,-0.1794871794871795,-1.0,-0.05128205128205128,-0.5025641025641026,-0.06666666666666667,-0.6974358974358974,-0.07179487179487179,-0.8307692307692308,-0.07179487179487179,-0.9487179487179487,0.041025641025641026,-0.4564102564102564,0.020512820512820513,-0.6102564102564103,0.010256410256410256,-0.7128205128205128,0.005128205128205128,-0.8051282051282052
B,0.0,0.0,-0.14948453608247422,-0.10309278350515463,-0.2268041237113402,-0.27835051546391754,-0.19072164948453607,-0.4329896907216495,-0.10309278350515463,-0.5103092783505154,-0.211340206185567,-0.4742268041237113,-0.2422680412371134,-0.6701030927835051,-0.24742268041237114,-0.7989690721649485,-0.23711340206185566,-0.9123711340206185,-0.12886597938144329,-0.5051546391752577,-0.15463917525773196,-0.7216494845360825,-0.15979381443298968,-0.8711340206185567,-0.15463917525773196,-1.0,-0.041237113402061855,-0.4948453608247423,-0.05670103092783505,-0.7010309278350515,-0.06701030927835051,-0.8350515463917526,-0.06701030927835051,-0.9484536082474226,0.04639175257731959,-0.4484536082474227,0.030927835051546393,-0.6030927835051546,0.015463917525773196,-0.7061855670103093,0.005154639175257732,-0.7989690721649485
B,0.0,0.0,-0.14814814814814814,-0.1111111111111111,-0.2328042328042328,-0.2804232804232804,-0.21164021164021163,-0.4444444444444444,-0.13756613756613756,-0.5555555555555556,-0.23809523809523808,-0.4708994708994709,-0.2804232804232804,-0.671957671957672,-0.291005291005291,-0.798941798941799,-0.2857142857142857,-0.91005291005291,-0.15343915343915343,-0.5026455026455027,-0.19047619047619047,-0.7301587301587301,-0.20105820105820105,-0.873015873015873,-0.20634920634920634,-1.0,-0.06349206349206349,-0.4973544973544973,-0.08994708994708994,-0.7142857142857143,-0.10582010582010581,-0.8412698412698413,-0.1164021164021164,-0.9523809523809523,0.031746031746031744,-0.4603174603174603,0.010582010582010581,-0.6190476190476191,-0.010582010582010581,-0.7195767195767195,-0.031746031746031744,-0.8148148148148148
